{"assets/bug.png":["assets/bug.png"],"assets/dark.png":["assets/dark.png"],"assets/dragon.png":["assets/dragon.png"],"assets/electric.png":["assets/electric.png"],"assets/fairy.png":["assets/fairy.png"],"assets/fighting.png":["assets/fighting.png"],"assets/fire.png":["assets/fire.png"],"assets/flying.png":["assets/flying.png"],"assets/ghost.png":["assets/ghost.png"],"assets/grass.png":["assets/grass.png"],"assets/ground.png":["assets/ground.png"],"assets/ice.png":["assets/ice.png"],"assets/normal.png":["assets/normal.png"],"assets/poison.png":["assets/poison.png"],"assets/pokemon-go.png":["assets/pokemon-go.png"],"assets/psychic.png":["assets/psychic.png"],"assets/rock.png":["assets/rock.png"],"assets/steel.png":["assets/steel.png"],"assets/water.png":["assets/water.png"],"packages/cupertino_icons/assets/CupertinoIcons.ttf":["packages/cupertino_icons/assets/CupertinoIcons.ttf"]}